name,phone,address,website,rating,reviews
Honest Burgers Brewer St - Soho,+44 20 3819 3530,"84 Brewer St, London, W1F 9UB, United Kingdom",https://www.honestburgers.co.uk/locations/piccadilly/,4.4,1229.0
Honest Burgers Borough,+44 20 4542 4840,"5-7 Southwark St, London, SE1 1RQ, United Kingdom",https://www.honestburgers.co.uk/locations/borough/,4.5,3028.0
Honest Burgers South Kensington,+44 20 4542 5740,"24 Thurloe St, South Kensington, London, SW7 2LT, United Kingdom",https://www.honestburgers.co.uk/locations/south-kensington/,4.5,4320.0
Honest Burgers King's Cross,+44 20 3818 0220,"251 Pentonville Rd, London, N1 9NG, United Kingdom",https://www.honestburgers.co.uk/locations/kings-cross/,4.5,3453.0
Honest Burgers Bank,+44 20 4542 5760,"4, off Change Alley, Lombard St, London EC3V 9AZ, United Kingdom",https://www.honestburgers.co.uk/locations/bank/,4.4,1959.0
Honest Burgers South Bank,+44 20 4542 5310,"9 Festival Terrace, London, SE1 8XX, United Kingdom",https://www.honestburgers.co.uk/locations/south-bank/,4.4,2150.0
Honest Burgers Meard Street - Soho,+44 20 8154 2090,"4a Meard St, London, W1F 0EF, United Kingdom",https://www.honestburgers.co.uk/locations/soho/,4.5,3777.0
Honest Burgers Warren St,+44 20 3597 6277,"117 Tottenham Ct Rd, London, W1T 5AL, United Kingdom",https://www.honestburgers.co.uk/locations/warren-st/,4.4,2136.0
Honest Burgers Spitalfields,+44 20 3148 2950,"12 Widegate St, London, E1 7HP, United Kingdom",https://www.honestburgers.co.uk/locations/liverpool-st/?,4.5,2602.0
Honest Burgers Holborn,+44 20 3780 8290,"6 Great Queen St, London, WC2B 5DH, United Kingdom",https://www.honestburgers.co.uk/locations/holborn/,4.6,1061.0
Angus Burger,+44 20 8902 7272,"115 Wembley Park Dr, Wembley Park, Wembley HA9 8HG, United Kingdom",http://www.angus-burgers.co.uk/,4.5,565.0
Burger Craft,+44 20 7723 7980,"E D H I International Foundati, 308 Edgware Rd, London W2 1DY, United Kingdom",https://www.publove.co.uk/burgercraft/,3.9,10.0
Bleecker Burger,+44 20 3384 4333,"205 Victoria St, London, SW1E 5NE, United Kingdom",https://www.bleecker.co.uk/,4.2,2647.0
Gourmet Burger Kitchen (GBK),+44 20 7261 0106,"119A Waterloo Rd, London, SE1 8UL, United Kingdom",https://restaurants.gbk.co.uk/london/waterloo,4.3,1327.0
Five Guys Oxford Circus,+44 20 7434 3407,"Sutherland House, 5-6 Argyll St, London W1F 7TE, United Kingdom",https://restaurants.fiveguys.co.uk/greater-london/sutherland-house?y_source=1_MTI0MzE0NjctNzE1LWxvY2F0aW9uLndlYnNpdGU%3D,4.4,6375.0
Honest Burgers Baker Street,+44 20 4542 4725,"31 Paddington St, London, W1U 4HD, United Kingdom",https://www.honestburgers.co.uk/locations/baker-st/?utm_source=google&utm_medium=organic&utm_campaign=yext&utm_term=bakerst&utm_content=website,4.4,1312.0
Tommi's Burger Joint,+44 20 7224 3828,"30 Thayer St, London, W1U 2QP, United Kingdom",https://tommis.is/location/england/?location=is,4.4,1432.0
Burger and Beyond Shoreditch,+44 20 3848 8860,"147 Shoreditch High St, London, E1 6JE, United Kingdom",http://burgerandbeyond.co.uk/,4.4,1663.0
Honest Burgers Liverpool Street,+44 20 4542 6860,"81-82 Old Broad St, London, EC2M 1PR, United Kingdom",https://www.honestburgers.co.uk/locations/liverpool-st-2/,4.4,492.0
Honest Burgers Hammersmith,+44 20 4542 5735,"24 Fulham Palace Rd, London, W6 9PH, United Kingdom",https://www.honestburgers.co.uk/locations/hammersmith/,4.4,1505.0
Honest Burgers Covent Garden,+44 20 3148 9505,"33 Southampton St, London, WC2E 7HE, United Kingdom",https://www.honestburgers.co.uk/locations/covent-garden/,4.4,3178.0
Burger & Lobster Mayfair,+44 20 3205 8960,"29 Clarges St, London, W1J 7EF, United Kingdom",https://www.burgerandlobster.com/locations/london/mayfair/?utm_source=google&utm_medium=local&utm_campaign=gmblisting&y_source=1_NDgxMDI3NjQtNzE1LWxvY2F0aW9uLndlYnNpdGU%3D,4.6,3251.0
Burger & Lobster Soho,+44 20 7432 4800,"36-38 Dean St, London, W1D 4PS, United Kingdom",https://www.burgerandlobster.com/locations/london/soho/?utm_source=google&utm_medium=local&utm_campaign=gmblisting&y_source=1_NDgxMDI3NjUtNzE1LWxvY2F0aW9uLndlYnNpdGU%3D,4.4,6019.0
Bleecker Bloomberg,+44 20 7929 3785,"16 Bloomberg Arcade, London, EC4N 8AR, United Kingdom",https://www.bleecker.co.uk/,4.3,903.0
Black Bear Burger Restaurant Shoreditch,+44 20 7729 3813,"Boxpark 10, Bethnal Grn Rd, London E1 6GY, United Kingdom",http://www.blackbearburger.com/,4.4,619.0
Burger & Lobster Leicester Square,+44 20 3205 8963,"10 Wardour St, London, W1D 6QF, United Kingdom",https://www.burgerandlobster.com/locations/london/leicester-square/?utm_source=google&utm_medium=local&utm_campaign=gmblisting&y_source=1_NDgxMDI3NjItNzE1LWxvY2F0aW9uLndlYnNpdGU%3D,4.6,6886.0
Honest Burgers Leicester Square,+44 20 3675 0930,"17 Garrick St, London, WC2E 9AX, United Kingdom",https://www.honestburgers.co.uk/locations/garrick-st-leicester-sq/,4.4,553.0
Burger & Lobster Knightsbridge,+44 20 7201 8676,"109-125 Knightsbridge, London, SW1X 7RJ, United Kingdom",https://www.burgerandlobster.com/locations/london/knightsbridge/?utm_source=google&utm_medium=local&utm_campaign=gmblisting&y_source=1_NDgxMDI3NjEtNzE1LWxvY2F0aW9uLndlYnNpdGU%3D,4.5,3618.0
Honest Burgers Waterloo,+44 20 3597 6266,"39 The Cut, London, SE1 8LF, United Kingdom",https://www.honestburgers.co.uk/locations/waterloo/,4.5,951.0
BEER + BURGER,+44 20 3963 5795,"1 York Wy, London, N1C 4AS, United Kingdom",http://www.beerandburgerstore.com/,4.4,1354.0
Honest Burgers Greenwich,+44 20 4542 4860,"8 Nelson Rd., London, SE10 9JB, United Kingdom",https://www.honestburgers.co.uk/locations/greenwich/,4.5,1944.0
Honest Burgers Old Street,+44 20 3597 6270,"6 Baldwin St, London, EC1V 9NU, United Kingdom",https://www.honestburgers.co.uk/locations/old-st/,4.4,1378.0
Andy's Bangin' Burgers,+44 7960 432802,"235 Mile End Rd, Bethnal Green, London, E1 4AA, United Kingdom",http://andysburgers.co.uk/,4.4,1542.0
Honest Burgers Camden,+44 20 3597 6259,"Unit 34a Camden Lock Pl, London, NW1 8AF, United Kingdom",https://www.honestburgers.co.uk/locations/camden/,4.4,1234.0
Burgers LDN,+44 20 7427 6084,"Entrance inside the Alleyway, 141 Leman St, London E1 8EY, United Kingdom",https://www.burgersldn.co.uk/,4.7,306.0
Honest Burgers Oxford Circus,+44 20 3675 0940,"4 Market Pl, London, W1W 8AD, United Kingdom",https://www.honestburgers.co.uk/locations/oxford-circus/,4.4,2568.0
Burger & Lobster - Bond Street,+44 20 3637 5972,"26 Binney St, London, W1K 5BW, United Kingdom",https://www.burgerandlobster.com/locations/london/bond-street/?utm_source=google&utm_medium=local&utm_campaign=gmblisting&y_source=1_NDgxMDI3NjMtNzE1LWxvY2F0aW9uLndlYnNpdGU%3D,4.4,3014.0
Gourmet Burger Kitchen,+44 20 4524 0177,"Unit 4, Condor House, St. Paul's Churchyard, London EC4M 8AL, United Kingdom",https://restaurants.gbk.co.uk/london/st-pauls,4.3,1808.0
Gordon Ramsay Street Burger - Charing Cross Road,+44 20 7592 1361,"24-28 Charing Cross Rd, London, WC2H 0HX, United Kingdom",https://www.gordonramsayrestaurants.com/street-burger/charing-cross-road/,4.1,2172.0
Burger and Beyond Soho,+44 20 4580 1289,"10 Old Compton St, London, W1D 4TF, United Kingdom",http://www.burgerandbeyond.co.uk/,4.4,804.0
Burger & Lobster Bread Street,+44 20 7248 1789,"1 Bread St, London, EC4M 9BE, United Kingdom",https://www.burgerandlobster.com/locations/london/bread-street/?utm_source=google&utm_medium=local&utm_campaign=gmblisting&y_source=1_NDgxMDI3NTktNzE1LWxvY2F0aW9uLndlYnNpdGU%3D,4.5,2724.0
Honest Burgers Brixton,+44 20 3148 2970,"Unit 12, Brixton Village, London SW9 8PR, United Kingdom",https://www.honestburgers.co.uk/locations/brixton/,4.5,640.0
Honest Burgers Clapham,+44 20 4542 4830,"75 Venn St, London, SW4 0BD, United Kingdom",https://www.honestburgers.co.uk/locations/clapham/,4.5,738.0
Burger & Lobster - West India Quay,+44 20 3637 6709,"Hertsmere Rd, London, E14 4AY, United Kingdom",https://www.burgerandlobster.com/locations/london/west-india-quay/?utm_source=google&utm_medium=local&utm_campaign=gmblisting&y_source=1_NDgxMDI3NjAtNzE1LWxvY2F0aW9uLndlYnNpdGU%3D,4.6,4561.0
Black Bear Burger - Restaurant Brixton,+44 20 7737 3444,"11, 13A Market Row, London SW9 8LB, United Kingdom",http://www.blackbearburger.co.uk/,4.8,836.0
The Posh Burger,+44 20 7336 8696,"96 Old St, London, EC1V 9AY, United Kingdom",https://www.alleatapp.com/menu-the-posh-burger,4.1,226.0
Haché Burgers Camden,+44 20 7485 9100,"24 Inverness St, London, NW1 7HJ, United Kingdom",http://www.hacheburgers.com/,4.4,1445.0
Burger Island,+44 20 7531 6167,"6 Chapel House St, London, E14 3AS, United Kingdom",https://burger-island.com/,4.8,38.0
The Burger Hub,+44 20 3859 7168,"811 Commercial Rd, London, E14 7HG, United Kingdom",https://theburgerhub.co.uk/,4.6,158.0
Truffle Burger | Soho,+44 20 7998 7787,"22 Bateman St, London, W1D 3AN, United Kingdom",http://www.truffle-london.co.uk/,4.5,868.0
Five Guys Covent Garden,+44 20 7240 2057,"1-3 Long Acre, London, WC2E 9LH, United Kingdom",https://restaurants.fiveguys.co.uk/greater-london/1-3-long-acre?y_source=1_MTI0MzE0NDgtNzE1LWxvY2F0aW9uLndlYnNpdGU%3D,4.3,7422.0
Paris London Burgers,+44 20 3217 1139,"18A Mansell St, London, E1 8AA, United Kingdom",http://plb-official.co.uk/,4.3,105.0
My Burger,+44 20 7701 6006,"260 Old Kent Rd, London, SE1 5UB, United Kingdom",https://my-burger.co.uk/?utm_source=GMBwebsite&utm_medium=organic&utm_campaign=Google%20My%20Business,4.4,226.0
Red Iron Burgers,+44 20 8050 4612,"280 High St, Uxbridge, UB8 1LQ, United Kingdom",https://www.redironburgers.co.uk/,4.2,2156.0
E Burger,+44 20 7719 8808,"258 Poplar High St, London, E14 0BB, United Kingdom",http://www.eburger.co.uk/,3.5,174.0
Ghost Burgers,+44 20 3095 3333,"134a Kingsland Rd, London, E2 8DY, United Kingdom",https://www.ghostburgers.co.uk/,4.5,646.0
Honest Burgers Finsbury Park,+44 20 3148 2960,"13, Well's Terrace, City N Pl, Finsbury Park, London N4 3FP, United Kingdom",https://www.honestburgers.co.uk/locations/finsbury-park/,4.3,270.0
"Band of Burgers, Camden",+44 20 7387 3898,"23 Camden High St, London, NW1 7JE, United Kingdom",https://bandofburgers.co.uk/,4.3,1395.0
Honest Burgers Dalston,+44 20 3597 6260,"14-16 Bradbury St, London, N16 8JN, United Kingdom",https://www.honestburgers.co.uk/locations/dalston/,4.2,532.0
Honest Burgers St Katharine Docks,+44 20 4542 0590,"1 Commodity Quay, London, E1W 1AZ, United Kingdom",http://honestburgers.co.uk/locations/st-katharine-docks,4.4,597.0
Bite Me Burger,+44 7710 111108,"72/73 Chalk Farm Rd, Chalk Farm, London, NW1 8AN, United Kingdom",https://www.bitemeburgers.co.uk/,4.0,457.0
Byron,+44 20 4531 5941,"33-35 Wellington St, London, WC2E 7BN, United Kingdom",https://www.byron.co.uk/locations/covent-garden,4.3,2203.0
Burger house ealing,+44 20 8566 1630,"45 Broadway, London, W13 9BP, United Kingdom",http://burgerhouselondon.co.uk/,4.3,306.0
Truffle Burger | St Christopher's Place,+44 20 3959 7570,"16 Picton Pl, London, W1U 1BW, United Kingdom",http://www.truffleburger.co.uk/,4.6,137.0
Five Guys Kensington High Street,+44 20 7937 4631,"183 Kensington High St, London, W8 6SH, United Kingdom",https://restaurants.fiveguys.co.uk/greater-london/183-kensington-high-st?y_source=1_MTI0MzE1MDYtNzE1LWxvY2F0aW9uLndlYnNpdGU%3D,4.4,2123.0
Krunk Burgers - Croydon,+44 20 8665 9324,"79 Whitehorse Rd, Croydon, CR0 2JJ, United Kingdom",https://www.krunkburgers.com/menu/,4.4,465.0
Simply Smashed - Quality Smash Burgers,+44 7907 673384,"114 Mile End Rd, Stepney Green, London, E1 4UN, United Kingdom",https://www.simplysmashed.co.uk/,4.8,663.0
Farm Fresh Burgers & Shakes,+44 20 3837 6000,"15 Penrhyn Rd, Kingston upon Thames, KT1 2BZ, United Kingdom",http://farmfreshburgers.com/,4.2,371.0
Five Guys Tower Bridge,+44 20 7407 5798,"Unit 2, 2 More London Pl, London SE1 2DA, United Kingdom",https://restaurants.fiveguys.co.uk/greater-london/unit-2?y_source=1_MTYyMDA1MzAtNzE1LWxvY2F0aW9uLndlYnNpdGU%3D,4.4,1482.0
Gordon Ramsay Street Burger - St Paul's,+44 20 7592 1217,"One New Change, 17 Upper, Cheapside, London EC2V 6AG, United Kingdom",https://www.gordonramsayrestaurants.com/street-burger,4.1,467.0
Yen Burger,+44 20 3538 7879,"1B Southwark St, London, SE1 1RQ, United Kingdom",http://www.yenburger.co.uk/,4.1,883.0
7 Burgers,+44 20 8691 3030,"315 New Cross Rd, London, SE14 6AS, United Kingdom",https://tinyurl.com/7Burgers,3.9,91.0
Burger Daddy,+44 7961 233621,"Cloud IX Kitchens, 4 Eskdale Rd, Uxbridge UB8 2RT, United Kingdom",https://www.burgerdaddy.co.uk/,4.7,31.0
Neat Burger Canary Wharf,+44 20 4580 1257,"Upper Level, 2 Cabot Square, London E14 4QT, United Kingdom",https://neat-burger.com/,4.3,199.0
Burger Junction,+44 1784 244633,"1B Woodthorpe Rd, Ashford, TW15 2RL, United Kingdom",http://www.burgerjunction.co.uk/,4.2,113.0
Monster Burger BBQ & Grill House London,+44 20 7247 8373,"109 New Rd, London, E1 1HJ, United Kingdom",https://monsterburgerlondon.com/,4.5,508.0
Gordon Ramsay Street Burger - Kensington High Street,+44 20 7592 1612,"222 Kensington High St, London, W8 7RG, United Kingdom",https://www.gordonramsayrestaurants.com/street-burger/kensington-high-street,3.9,997.0
Oz Burgers,+44 20 3601 7357,"495 Kingsland Rd, London, E8 4AB, United Kingdom",http://ozburgers.com/,4.2,93.0
The Burger Firm,+44 7545 695655,"Unit A, Kitchen, 10 964 N Circular Rd., Neasden, London NW2 7JR, United Kingdom",http://www.theburgerfirm.com/,4.9,662.0
BUK - CAMDEN,+44 20 7482 0438,"8 Ferdinand St, Chalk Farm, London, NW1 8ER, United Kingdom",http://www.bukburger.com/,4.3,724.0
Bleecker Burger Westfield,+44 20 3582 2930,"The Balcony, Westfield, London W12 7GE, United Kingdom",https://www.bleecker.co.uk/,3.7,368.0
Grab Burger,+44 20 7792 3370,"31 Porchester Rd, London, W2 5DP, United Kingdom",http://www.grabburger.co.uk/,4.4,90.0
Black Bear Burger,+44 20 7837 1039,"17 Exmouth Market, London, EC1R 4QD, United Kingdom",http://www.blackbearburger.co.uk/,4.8,694.0
Gordon Ramsay Street Burger - Covent Garden,+44 20 7592 1214,"13-14 Maiden Ln, London, WC2E 7NE, United Kingdom",https://www.gordonramsayrestaurants.com/street-burger/covent-garden,3.9,842.0
Burger & Lobster Oxford Circus,+44 20 7907 7760,"6 Little Portland St, London, W1W 7JE, United Kingdom",https://www.burgerandlobster.com/locations/london/oxford-circus/?utm_source=google&utm_medium=local&utm_campaign=gmblisting&y_source=1_NDgxMDI3NTgtNzE1LWxvY2F0aW9uLndlYnNpdGU%3D,4.4,2512.0
Marlowe's Burger & Ping Pong - Bromley,+44 20 8460 0466,"Marlowe's, Glades Shopping Centre, Bromley, BR1 1DN, United Kingdom",http://www.marlowes.co/,4.4,213.0
Burger & Lobster Threadneedle Street,+44 20 7256 9755,"52 Threadneedle St, London, EC2R 8AY, United Kingdom",https://www.burgerandlobster.com/locations/london/threadneedle-street/?utm_source=google&utm_medium=local&utm_campaign=gmblisting&y_source=1_NDgxMDI3NjYtNzE1LWxvY2F0aW9uLndlYnNpdGU%3D,4.5,3858.0
Patty&Bun,+44 20 7487 3188,"54 James St, London, W1U 1HE, United Kingdom",https://www.pattyandbun.co.uk/,4.3,2404.0
Gordon Ramsay Street Burger - Farringdon,+44 20 7592 1376,"26 Cowcross St, London, EC1M 6DQ, United Kingdom",https://www.gordonramsayrestaurants.com/street-burger/farringdon/,4.1,681.0
Steak Burgers London,+44 20 7837 0963,"428 St John St, London, EC1V 4NJ, United Kingdom",http://steakburgers.co.uk/,4.9,54.0
Amigos Burgers & Shakes-Holloway,+44 20 7687 2200,"43-45 Seven Sisters Rd, London, N7 6AX, United Kingdom",http://www.amigosburgersandshakes.com/,4.9,1174.0
Burger Boys,+44 1895 432979,"2 Station Rd, West Drayton, UB7 7BY, United Kingdom",https://www.originalburgerboys.co.uk/,3.7,23.0
Gordon Ramsay Street Burger - The O2,+44 20 7352 2512,"Unit 2.05, The Entertainment District, Peninsula Square, London SE10 0DX, United Kingdom",https://www.gordonramsayrestaurants.com/street-burger/the-o2/,4.5,1372.0
Boss Burger,+44 1753 206040,"not stratford, 306 High St, Slough SL1 1NB, United Kingdom",http://www.bossburgeronline.co.uk/,4.0,143.0
Baba G's Bhangra Burger,+44 20 7095 9443,"Vinegar Yard, London, SE1 3QR, United Kingdom",http://bhangraburger.com/,4.2,134.0
Peckish Burgers | Camden,+44 7534 614272,"KERB Camden Market The West Yard, London, NW1 8AF, United Kingdom",http://www.billorbeak.com/,4.4,199.0
Burger Bar,+44 20 8455 8080,"1 Bridge Ln, London, NW11 0EA, United Kingdom",http://www.burgerbar.uk.com/,4.0,170.0
Truffle Burger | Stoke Newington,+44 20 7249 1825,"156 Stoke Newington Church St, London, N16 0JU, United Kingdom",http://www.truffleburger.co.uk/,4.6,111.0
Soko burger and pizza,+44 20 3532 9223,"246a Regents Park Rd, London, N3 3HP, United Kingdom",http://sokoburger.co.uk/,4.8,58.0
Beer + Burger,+44 20 3019 7575,"88 Walm Ln, London, NW2 4QY, United Kingdom",http://www.beerandburgerstore.com/,4.5,903.0
Patty&Bun - Liverpool Street,+44 20 7621 1331,"22-24 Liverpool St, London, EC2M 7PD, United Kingdom",https://www.pattyandbun.co.uk/locations/liverpool-st,4.3,1498.0
Buff Burgers,+44 20 8803 8555,"3 Cheapside, London, N13 5ED, United Kingdom",http://buffburgers.co.uk/,4.8,294.0
Neat Burger Soho,+44 20 4580 1256,"33 Old Compton St, London, W1D 5JU, United Kingdom",http://neat-burger.com/,4.5,512.0
Filthy Buns,+44 20 7923 4752,"99 Dalston Ln, London, E8 1NH, United Kingdom",http://www.filthybuns.com/,4.6,80.0
Mercy Burger,+44 20 3877 0825,"Unit 43, Boxpark Retail Mall, 2-10 Bethnal Grn Rd, London E1 6GY, United Kingdom",http://mercyburger.co.uk/,4.4,96.0
7Bone Burger Co. x Signature Brew,+44 20 7684 4664,"Unit 15, 7Bone Burger Co, Uplands Business Park, Signature Brew, Blackhorse Ln, London E17 5QJ, United Kingdom",https://7bone.co.uk/locations/7b-x-signature,4.8,4.0
Scandal burger and grill,+44 7804 494924,"Royal Victoria Dock, London, E16 1FA, United Kingdom",http://scandalburgerandgrill.co.uk/,5.0,2.0
Meat Up,+44 20 8980 0822,"Bow Business Centre, 21 Bow Triangle, Eleanor St, Bow, London E3 4UR, United Kingdom",http://meatup.uk/,4.8,662.0
MEATliquor Bar & Restaurant N1,+44 20 7704 2204,"133b Upper St, London, N1 1QP, United Kingdom",https://meatliquor.com/restaurant/meatliquor-n1/,4.3,1519.0
Neat Burger,+44 20 4580 1255,"36 Buckingham Palace Rd, London, SW1W 0RE, United Kingdom",http://www.neat-burger.com/,4.4,260.0
Foxden,+44 20 7381 4888,"24 Jerdan Pl, London, SW6 1BH, United Kingdom",http://www.foxdenrestaurant.co.uk/,4.7,174.0
Burgeri,+44 20 3597 3572,"22 Great Marlborough St, London, W1F 7HU, United Kingdom",http://www.burgeri.co.uk/,4.0,3079.0
Truffle Burger | Liverpool Street,+44 20 7283 5824,"206-210 Bishopsgate, London, EC2M 4NR, United Kingdom",http://www.truffleburger.co.uk/,4.3,107.0
Amigos Burgers & Shakes,+44 20 3196 3846,"148 Stoke Newington High St, London, N16 7JL, United Kingdom",http://www.amigosburgersandshakes.com/,4.6,290.0
Wagyu Burgers,+44 7482 304174,"6(A), South Lambeth Place Vauxhall SW8 1SP, London, SW8 1RT, United Kingdom",https://wagyu-burgers-vauxhall.business.site/?utm_source=gmb&utm_medium=referral,4.3,20.0
Domino's Pizza - London - Old Street,+44 20 7336 6665,"40 Old St, London, EC1V 9AE, United Kingdom",https://www.dominos.co.uk/pizza-near-me/london/40-old-street?utm_source=gmb&utm_medium=yext&y_source=1_MTIxMzY5MzEtNzE1LWxvY2F0aW9uLndlYnNpdGU%3D,3.7,140.0
Pizza Union,+44 20 7278 9425,"246-250 Pentonville Rd, London, N1 9JY, United Kingdom",http://www.pizzaunion.com/,4.6,5373.0
Pizza Pilgrims,+44 20 3005 2930,"11 Dean St, London, W1D 3RP, United Kingdom",http://pizzapilgrims.co.uk/,4.6,3568.0
Pizza Express,+44 20 7401 3977,"Benbow House, 24 New Globe Walk, London SE1 9DS, United Kingdom",https://www.pizzaexpress.com/bankside?utm_source=google&utm_medium=Places&utm_campaign=bankside,4.4,1741.0
Pizza Union Spitalfields,+44 20 7247 5116,"25 Sandy's Row, London, E1 7HS, United Kingdom",https://www.pizzaunion.com/,4.6,5117.0
Pizza Pilgrims Kingly,+44 20 7287 2200,"11 Kingly St, Carnaby, London, W1B 5PW, United Kingdom",http://www.pizzapilgrims.co.uk/,4.7,6324.0
Pizza Pilgrims Covent Garden,+44 20 7240 4145,"23 Garrick St, London, WC2E 9BN, United Kingdom",https://www.pizzapilgrims.co.uk/,4.4,2807.0
Crust Bros Pizza Restaurant Waterloo,+44 20 3034 3424,"113 Waterloo Rd, London, SE1 8UL, United Kingdom",https://www.crustbros.co.uk/waterloo/?utm_source=GMB&utm_medium=website%20click&utm_campaign=SDM&utm_id=GMB,4.5,2564.0
Pizza Pilgrims London Bridge,+44 20 3974 9825,"SU48, London Bridge Station, 2 Bermondsey St, London SE1 2TF, United Kingdom",http://www.pizzapilgrims.co.uk/,4.5,3298.0
Gourmet Pizza Co,+44 20 7928 3188,"56 Upper Ground, London, SE1 9PP, United Kingdom",http://www.gourmetpizzacompany.co.uk/,4.3,1849.0
Pizza Pilgrims Shoreditch,+44 20 3019 7620,"136 Shoreditch High St, London, E1 6JE, United Kingdom",http://www.pizzapilgrims.co.uk/,4.6,2340.0
Pizza Pilgrims Liverpool Street,+44 20 3974 9820,"22 Old Broad St, London, EC2N 1HQ, United Kingdom",http://www.pizzapilgrims.co.uk/,4.7,1523.0
Pizza East,+44 20 7349 9650,"56 Shoreditch High St, London, E1 6JJ, United Kingdom",https://www.pizzaeast.com/shoreditch,4.2,3588.0
Pizza Sophia,+44 20 7833 8556,"50 Tavistock Pl, London, WC1H 9RG, United Kingdom",https://pizzasophia.com/,4.6,1212.0
The Pizza Room - Mile End,+44 20 8981 7566,"2a Grove Rd., Bow, London, E3 5AJ, United Kingdom",https://www.thepizzaroom.co.uk/,4.5,829.0
Pizza Pilgrims Waterloo,+44 20 3974 9829,"82 Lower Marsh, London, SE1 7AB, United Kingdom",http://www.pizzapilgrims.co.uk/,4.6,1651.0
Pizza Hut Restaurants,+44 20 7925 2457,"56/59 Strand, London, WC2N 5LR, United Kingdom",https://www.pizzahut.co.uk/restaurants/store/details/Strand,3.9,3081.0
Pizza Brixton,+44 20 3417 0471,"105 Brixton Hill, London, SW2 1AA, United Kingdom",http://www.pizzabrixton.co.uk/,4.6,608.0
Homeslice Neal's Yard,+44 20 3151 7488,"13 Neal's Yard, London, WC2H 9DP, United Kingdom",http://www.homeslicepizza.co.uk/,4.4,3166.0
Pizza Roma Kensington,+44 20 7823 9292,"12 Bute St, South Kensington, London, SW7 3EX, United Kingdom",http://www.pizzaromakensington.com/,4.5,183.0
Pizza Pilgrims Exmouth Market,+44 20 8069 6969,"15 Exmouth Market, London, EC1R 4QD, United Kingdom",http://www.pizzapilgrims.co.uk/,4.6,1412.0
Gordos Pizzeria,+44 20 7254 7355,"533 Kingsland Rd, London, E8 4AR, United Kingdom",http://www.gordos.co.uk/,4.5,521.0
The Pizza Room - Hackney,+44 20 8985 1245,"30 Amhurst Rd, London, E8 1JN, United Kingdom",https://www.thepizzaroom.co.uk/,4.7,235.0
Good Pizza,+44 20 7998 6705,"99 Stoke Newington High St, London, N16 8EL, United Kingdom",http://www.goodpizzalondon.com/,4.4,424.0
Pizza Pilgrims Hyde Park,+44 20 8154 7205,"38 Queensway, London, W2 3RS, United Kingdom",https://www.pizzapilgrims.co.uk/,4.7,1415.0
The Pizza Room - Surrey Quays,+44 20 3643 9509,"237 Lower Rd, London, SE16 2AH, United Kingdom",https://www.thepizzaroom.co.uk/,4.4,434.0
Franco Manca,+44 20 7734 9330,"51 Berwick St, London, W1F 8SJ, United Kingdom",http://www.francomanca.co.uk/restaurants/soho/,4.4,2086.0
Pizza at Home,+44 20 7244 8080,"86 Lillie Rd, London, SW6 1TL, United Kingdom",http://www.pizza-at-home.co.uk/,4.3,413.0
BASE (PIZZA X DRINK),+44 20 8896 2233,"Unit 8 The Broadway, Gunnersbury Ln, London W3 8HR, United Kingdom",https://atbase.co.uk/,4.5,403.0
Little Napoli Pizza Restaurant Shepherds Bush,+44 20 8823 5491,"428 Uxbridge Rd, London, W12 0NR, United Kingdom",https://littlenapoli.co.uk/,4.5,1193.0
Portobello Ristorante Pizzeria,+44 20 7221 1373,"7 Ladbroke Rd, London, W11 3PA, United Kingdom",http://portobellolondon.co.uk/,4.4,838.0
Giorgios Pizza,+44 20 7373 5533,"174, 174 Earls Ct Rd, London SW5 9QQ, United Kingdom",https://giorgios-pizza.co.uk/?utm_source=GMBwebsite&utm_medium=organic&utm_campaign=Google%20My%20Business,4.2,389.0
King's Pizza (Islington),+44 20 7607 3434,"280 Caledonian Rd, London, N1 1BA, United Kingdom",https://www.kingspizza.uk/islington/,4.3,138.0
Pizza Metro,+44 20 7228 3812,"64 Battersea Rise, London, SW11 1EQ, United Kingdom",http://www.pizzametropizza.com/,4.5,831.0
U.S. Pizza,+44 20 8847 1515,"184 S Ealing Rd, London, W5 4RJ, United Kingdom",https://www.uspizza.co.uk/,4.5,229.0
Crazy Pizza Knightsbridge,+44 20 3971 8870,"32-34 Hans Cres, London, SW1X 0LZ, United Kingdom",https://crazypizza.com/knightsbridge/,3.4,499.0
Forno Pizza,+44 20 7091 7266,"145-147 Lambeth Walk, London, SE11 6EE, United Kingdom",https://fornopizzalambeth.com/,3.4,71.0
L'Antica Pizzeria da Michele,+44 20 7935 6458,"199 Baker St, London, NW1 6UY, United Kingdom",http://www.anticapizzeriadamichele.co.uk/,4.1,4619.0
Hot Express Pizza,+44 1895 255100,"4 New Broadway, Uxbridge Rd, Uxbridge UB10 0LH, United Kingdom",https://hotexpressub10.co.uk/,4.6,319.0
Pizza Village,+44 20 8671 0890,"15 Tulse Hill, London, SW2 2TH, United Kingdom",http://www.pizzavillage-online.co.uk/,4.3,57.0
TW2 Pizza,+44 20 8893 9900,"109 Nelson Rd, Twickenham, TW2 7AZ, United Kingdom",http://www.tw2-pizza.co.uk/,4.0,185.0
Pizzeria Portofino,+44 20 8940 0875,"10 The Square, Richmond, TW9 1DZ, United Kingdom",https://revu.website/120728/,4.6,625.0
Italiano Pizza,+44 20 7336 6005,"59 Nile St, London, N1 7RD, United Kingdom",https://italianopizzahoxton.com/?utm_source=GMBwebsite&utm_medium=organic&utm_campaign=Google%20My%20Business,4.8,186.0
Homeslice City,+44 20 3034 0381,"69-71 Queen St, London, EC4R 1EE, United Kingdom",http://www.homeslicepizza.co.uk/,4.2,1248.0
Sodo Pizza Bethnal Green,+44 20 3581 2929,"266 Poyser St, London, E2 9RF, United Kingdom",http://www.sodopizza.co.uk/,4.7,465.0
Tops Pizza Islington,+44 20 7278 6000,"22 Penton St, London, N1 9PS, United Kingdom",https://topspizza.co.uk/islington,4.3,175.0
Pizza Hut Delivery,+44 20 7998 0909,"249 Cambridge Heath Rd, London, E2 0EL, United Kingdom",https://www.pizzahut.co.uk/?utm_source=google&utm_medium=listings&utm_campaign=YEXT&y_source=1_MTEyMTI4MDYtNzE1LWxvY2F0aW9uLndlYnNpdGU%3D,3.3,204.0
Yard Sale Pizza,+44 20 7226 8976,"54 Blackstock Rd, Finsbury Park, London, N4 2DW, United Kingdom",http://www.yardsalepizza.com/,4.6,606.0
Nenno Pizza,+44 20 7833 2790,"14, 16 Caledonian Rd, London N1 9DU, United Kingdom",https://nennopizza.co.uk/,4.5,831.0
Pizza Royal,+44 20 7371 1900,"68 Richmond Way, London, W14 0AS, United Kingdom",https://pizzaroyal.ehmenu.co.uk/,4.7,94.0
Notting Dale Pizza,+44 20 8968 1771,"92-94 Bramley Rd, London, W10 6UG, United Kingdom",https://pizzanottingdale.co.uk/,4.6,30.0
Rudy's Pizza Napoletana - Soho,+44 20 3930 0868,"80 Wardour St, London, W1F 0TF, United Kingdom",https://www.rudyspizza.co.uk/pizzerias/soho,4.6,1746.0
Homeslice Marylebone,+44 20 3034 0621,"50 James St, London, W1U 1HB, United Kingdom",http://www.homeslicepizza.co.uk/,4.4,777.0
Arthur's Pizza,+44 20 8893 3995,"The Grn, Twickenham, TW2 5AB, United Kingdom",http://arthurspizza.co.uk/,4.4,356.0
Pizza Pilgrims Selfridges,+44 20 7318 3862,"4th floor, 400 Oxford St, London W1A 1AB, United Kingdom",http://www.pizzapilgrims.co.uk/,4.7,1127.0
The Pizza Room - New Cross,+44 20 3754 9203,"unit A, Atrium House, 459 New Cross Rd, London SE14 6AJ, United Kingdom",https://www.thepizzaroom.co.uk/,4.4,238.0
Sleazy Pizza,+44 20 7770 6050,"The Truman Brewery, Dray Walk, London E1 6QL, United Kingdom",https://www.sleazypizza.com/,4.5,85.0
Sartori - Italian Restaurant & Pizzeria,+44 20 7836 6308,"15 Great Newport St, London, WC2H 7JE, United Kingdom",https://www.sartorirestaurant.com/?utm_source=google-maps&utm_medium=link&utm_campaign=social-media,4.4,2776.0
Happy Face Pizza King's Cross,+44 20 3146 0760,"14 Handyside St, London, N1C 4DN, United Kingdom",https://www.happyface.pizza/,4.2,770.0
Santa Maria Pizzeria Fitzrovia,+44 20 7436 9963,"160 New Cavendish St, London, W1W 6YR, United Kingdom",http://www.santamariapizzeria.com/,4.5,1202.0
Harrods Pizzeria & Pasqua,+44 20 7225 6800,"2, 87-135 Brompton Rd, London SW1X 7XL, United Kingdom",https://www.harrods.com/en-gb/restaurants/pizzeria-pasqua?utm_source=google&utm_medium=organic&utm_campaign=gmb-listing-harrods-pizzeria,4.3,568.0
Franco Manca Tottenham Court Road,+44 20 3026 8124,"104 Tottenham Ct Rd, London, W1T 4EW, United Kingdom",http://www.francomanca.co.uk/restaurants/tottenham-court-road/,4.3,2694.0
Papa Johns Pizza,+44 20 7407 4077,"168 Tower Bridge Rd, London, SE1 3LS, United Kingdom",https://www.papajohns.co.uk/,3.7,343.0
50 Kalò di Ciro Salvo Pizzeria London,+44 20 7930 9955,"7 Northumberland Ave, London, WC2N 5BY, United Kingdom",https://www.50kalo.it/ciro__salvo.php,4.5,3938.0
Zia Lucia - Aldgate East,+44 20 7702 2525,"Unit 1a, 12 Piazza Walk, London E1 8ZH, United Kingdom",https://zialucia.com/,4.5,543.0
Pizzeria Cozaio,+44 20 7794 5200,"279E Finchley Rd, London, NW3 6LT, United Kingdom",http://www.pizzeriacozaio.co.uk/,4.7,340.0
Pizza Paradiso,+44 20 7483 1458,"13, New College Parade, South Hampstead, London NW3 5EP, United Kingdom",https://www.pizza-paradiso.co.uk/,4.7,69.0
American Pizza Kentish Town,+44 20 7482 6001,"15 Malden Rd, London, NW5 3HS, United Kingdom",https://americanpizza-kentishtown.com/?utm_source=GMBwebsite&utm_medium=organic&utm_campaign=Google%20My%20Business,3.7,86.0
Tondo Pizza Wapping,+44 7840 342730,"Unit 2, Hermitage Court, Wapping High St, London E1W 1NR, United Kingdom",http://instagram.com/tondopizzalondon,4.9,329.0
Japes,+44 7395 635765,"22-25 Dean St, London, W1D 3RY, United Kingdom",http://www.japes.uk/,4.7,3897.0
Basiliano London,+44 20 7987 7799,"795 Commercial Rd, London, E14 7HG, United Kingdom",https://basiliano-pizzeria.com/?utm_source=GMBwebsite&utm_medium=organic&utm_campaign=Google%20My%20Business,3.4,184.0
ADORA PIZZA,+44 20 7938 3222,"62 Kensington High St, London, W8 4PE, United Kingdom",https://www.adorapizza.com/our-menu,4.5,356.0
La Parma Pizzeria,+44 20 7735 9555,"113A Kennington Rd, London, SE11 6SF, United Kingdom",https://laparmapizza.net/,3.3,178.0
Tops Pizza,+44 20 7738 8055,"163 Battersea Park Rd, Nine Elms, London, SW8 4BU, United Kingdom",https://topspizza.co.uk/battersea,3.3,115.0
Franco Manca Bermondsey,+44 20 7407 4203,"124 Bermondsey St, London, SE1 3TX, United Kingdom",https://www.francomanca.co.uk/restaurants/bermondsey,4.4,2180.0
Pizzeria on the Green,+44 20 8673 3227,"4 Cavendish Rd, London, SW4 9DW, United Kingdom",http://pizzeriaonthegreen.co.uk/,4.5,518.0
Castellano's Pizza,+44 7359 049806,"139 Woolwich Rd, London, SE10 0RJ, United Kingdom",https://www.castellanospizza.com/,4.9,449.0
Sodo Pizza Clapton,+44 20 8806 5626,"126 Upper Clapton Rd, London, E5 9JY, United Kingdom",http://www.sodopizza.co.uk/,4.6,471.0
Tops Pizza Fulham,+44 20 8741 0090,"74 Fulham Palace Rd, London, W6 9PL, United Kingdom",https://topspizza.co.uk/fulham,3.6,94.0
San Gennaro,+44 20 7622 0475,"22 Battersea Park Rd, London, SW11 4HY, United Kingdom",http://www.sangennaro.co.uk/,4.6,471.0
Happy Face Pizza Brent Cross,+44 20 3096 0016,"9 Claremont Way, Brent Cross, London, NW2 1AJ, United Kingdom",https://www.happyface.pizza/,4.4,76.0
Gordon Ramsay Street Pizza - St Paul's,+44 20 3030 4050,"Ground Floor, 10 Bread St, London EC4M 9AJ, United Kingdom",https://www.gordonramsayrestaurants.com/en/uk/street-pizza/locations/st-paul-s,4.1,1702.0
Pappa Ciccia,+44 20 7384 1884,"105 Munster Rd, London, SW6 5RQ, United Kingdom",http://www.pappaciccia.com/,4.4,371.0
500 Degrees Pizza Brixton,+44 20 3302 8106,"191 Ferndale Rd, London, SW9 8BA, United Kingdom",http://www.500degrees.co/brixton/,4.6,253.0
Just Another Magic Pizza,+44 20 3417 0370,"154 Ladbroke Grove, London, W10 5NB, United Kingdom",http://www.justanothermagicpizza.co.uk/,4.8,80.0
L'Antica Pizzeria,+44 20 7431 8516,"66 Heath St, London, NW3 1DN, United Kingdom",http://www.anticapizzeria.co.uk/,4.5,986.0
Pizza Home Chiswick,+44 20 8741 7645,"264 King St, London, W6 0SP, United Kingdom",https://3237.letsorderfood.co.uk/,4.7,179.0
Jonny Loves Pizza,+44 20 4559 2958,"51, 53 Rupert St, London W1D 7PQ, United Kingdom",https://www.jonnyloves.co.uk/,4.6,51.0
Vicoli di Napoli Pizzeria,+44 20 7687 0009,"125 Stoke Newington Church St, London, N16 0UH, United Kingdom",https://www.vicolidinapoli.co.uk/,4.1,1214.0
Pane Cunzato - Italian Pizza Restaurant,+44 20 3581 1747,"49 Museum St, London, WC1A 1LY, United Kingdom",http://www.panecunzato.com/?utm_source=googlemaps&utm_medium=googlemaps-link-profile&utm_campaign=social_media,4.4,1291.0
Sodo Pizza Deptford,+44 20 7018 1080,"144A Deptford High St, London, SE8 3PQ, United Kingdom",http://www.sodopizza.co.uk/,4.7,84.0
Bad Boy Pizza Society | B.B.P.S Square,+44 7412 088942,"National Theatre, The Understudy, Upper Ground, London SE1 9PX, United Kingdom",http://badboypizzasoc.com/,4.5,40.0
Cinquecento,+44 20 7351 9331,"1 Cale St, London, SW3 3QT, United Kingdom",https://www.cinquecentopizzeria.com/,4.3,1040.0
Jazzy-Pizza,+44 20 7249 0000,"24 Stoke Newington Rd, London, N16 7XJ, United Kingdom",https://jazzypizzeria.co.uk/menu,4.9,45.0
Franco Manca Belsize Park,+44 20 7794 2773,"216 Haverstock Hill, London, NW3 2AE, United Kingdom",http://www.francomanca.co.uk/restaurants/belsize-park/,4.3,1227.0
O'Furn Pizzeria,+44 20 3340 6530,"79 Camden High St, London, NW1 7JL, United Kingdom",http://ofurnpizzeria.net/,4.4,413.0
Domino's Pizza - London - Queen Street,+44 20 7236 6662,"30 Queen St Pl, London, EC4R 1BR, United Kingdom",https://www.dominos.co.uk/pizza-near-me/london/30-queen-street?utm_source=gmb&utm_medium=yext&y_source=1_MTIxMzcyNjItNzE1LWxvY2F0aW9uLndlYnNpdGU%3D,3.8,347.0
Delfino Mayfair,+44 20 7499 1256,"121A Mount St, London, W1K 3NW, United Kingdom",http://www.delfinomayfair.com/,4.4,938.0
081 Pizzeria Peckham,+44 20 3795 8576,"66 Peckham Rye, London, SE15 4JR, United Kingdom",https://www.081pizzeria.com/,4.7,243.0
Fatto a Mano Pizza & Beer,+44 20 3148 4900,"Unit 1, 3 Pancras Sq, London N1C 4AG, United Kingdom",https://www.fattoamanopizza.com/,4.5,275.0
Pizza on Time (Battersea),+44 20 7627 5973,"42A Battersea Park Rd, London, SW11 4JP, United Kingdom",http://www.pizzaontime.uk/,1.7000000000000002,132.0
Lost Souls Pizza Camden,+44 20 7388 2101,"11 Water Ln., London, NW1 8JZ, United Kingdom",https://lostsoulspizza.com/,4.8,901.0
Flat Earth Pizzas Restaurant,+44 20 7998 6556,"288 Cambridge Heath Rd, Cambridge Heath, London, E2 9DA, United Kingdom",http://www.flatearthpizzas.com/,4.8,339.0
Domino's Pizza - London - Finchley Road,+44 20 7794 1086,"166 Finchley Rd, London, NW3 6BP, United Kingdom",https://www.dominos.co.uk/pizza-near-me/london/166-finchley-road?utm_source=gmb&utm_medium=yext&y_source=1_MTIxMzc1NzgtNzE1LWxvY2F0aW9uLndlYnNpdGU%3D,4.0,138.0
Bad Boy Pizza Society | Vinegar Yard,+44 7581 486639,"Courtyard Bar @ Vinegar Yard, 72 St Thomas St, London SE1 3QU, United Kingdom",https://badboypizzasoc.com/,4.8,135.0
Sodo Pizza Hammersmith,+44 20 3976 7507,"54 Cambridge Grove, London, W6 0LA, United Kingdom",https://www.sodopizza.co.uk/,4.8,19.0
Pizzeria Mozza,+44 20 3988 4273,"4-5 Langham Pl, London, W1B 3DG, United Kingdom",https://www.treehousehotels.com/london/eat-drink/pizzeria-mozza?utm_source=google-gbp&utm_medium=organic&utm_campaign=gbp,4.5,326.0
Farina Pizzeria Napoletana,+44 20 7792 9463,"19-21 Notting Hill Gate, London, W11 3JQ, United Kingdom",http://www.farinapizza.co.uk/,4.5,965.0
Base Face Pizza Barnes,+44 20 8878 7270,"35a Barnes High St, London, SW13 9LP, United Kingdom",http://www.basefacepizza.com/,5.0,83.0
Vicolo Romano,+44 20 8983 9834,"420 Roman Rd, Bow, London, E3 5LX, United Kingdom",http://www.vicolopizzalondon.com/,4.7,347.0
Sodo Pizza Hoxton,+44 20 7253 3988,"The George and Vulture, 63 Pitfield St, London N1 6BU, United Kingdom",http://sodopizza.co.uk/,4.4,48.0
Saponara,+44 20 7226 2771,"23 Prebend St, London, N1 8PF, United Kingdom",http://saponarapizzeria.co.uk/,4.7,494.0
Ciro's Pizza Pomodoro -Italian Restaurant & Bar,+44 20 7589 1278,"51 Beauchamp Pl, London, SW3 1NY, United Kingdom",http://www.pomodoro.co.uk/,4.2,728.0
Pizza Mannyacs @ The Loose Box,+44 7729 206899,"51 Horseferry Rd, London, SW1P 2AA, United Kingdom",https://pizzamannyacs.co.uk/,5.0,12.0
Berberè Pizzeria Clapham,+44 20 7627 3881,"67 Venn St, London, SW4 0BD, United Kingdom",https://www.berberepizzeria.co.uk/,4.4,313.0
Gordon Ramsay Street Pizza - Battersea,+44 20 7592 1225,"Circus West Village, Arch 759 Arches Ln, London SW11 8AB, United Kingdom",http://www.gordonramsayrestaurants.com/street-pizza,3.8,1381.0
Tre Colori Shoreditch-Pizzeria,+44 20 3487 0731,"19 Hackney Rd, London, E2 7NX, United Kingdom",https://trecolori.co.uk/,4.8,121.0
Tokyo Pizza,+44 20 3887 1499,"47 Maida Vale, London, W9 1SD, United Kingdom",http://tokyo-pizza.co.uk/,4.6,362.0
Rays Curry Base Pizza (Roman Road),+44 20 7987 6169,"99b Roman Rd, Bethnal Green, London, E2 0QN, United Kingdom",http://currybasepizza.co.uk/,4.8,75.0
Lamezia Pizza & Fresh Pasta,+44 20 7609 6620,"165 Holloway Rd, London, N7 8LX, United Kingdom",https://www.lamezia.co.uk/,4.6,369.0
Fireaway Pizza Bermondsey,+44 20 7231 5898,"168 Jamaica Rd, London, SE16 4RT, United Kingdom",https://fireaway.co.uk/,4.4,622.0
Pizza Scuola,+44 20 3230 3018,"5, 7 John Prince's St, London W1G 0JN, United Kingdom",https://pontis.co.uk/oxford-circus/pizza-scuola,4.7,3.0
Vasiniko,+44 20 7836 8628,"7-9 Burleigh St, London, WC2E 7PW, United Kingdom",https://vasinikopizza.co.uk/,4.8,1378.0
Rossopomodoro Chelsea,+44 20 7352 7677,"214 Fulham Rd., London, SW10 9NB, United Kingdom",http://rossopomodoro.co.uk/chelsea/,4.2,700.0
Purezza Camden,+44 20 7284 3965,"45-47 Parkway, London, NW1 7PN, United Kingdom",https://purezza.co.uk/locations/camden/,4.7,3481.0
"1947 Restaurant, Bar & Pizza Kitchen",+44 20 3583 1908,"38 Middlesex St, London, E1 7EX, United Kingdom",http://1947restaurant.co.uk/,4.4,812.0
Brothers Pizza,(856) 389-5294,"1015 US-130, Cinnaminson, NJ 08077",http://www.brotherspizzacinn.com/,4.9,140.0
Nick's Pizza and Pasta,(856) 829-0400,"141 US-130 C, Cinnaminson, NJ 08077",https://www.nickspizzapastacinnaminson.com/,4.4,372.0
"Milanese Pizza of Riverton, NJ",(856) 786-1414,"308 Broad St, Riverton, NJ 08077",https://www.milanesepizza.net/,4.4,290.0
Bella Pizza Cafe,(856) 461-4200,"100 Brown St, Delran, NJ 08075",https://www.bellapizzacafemenu.com/?utm_source=gbp,4.1,274.0
Di Vincenzo's Pizza,(856) 786-3777,"1101 Cinnaminson Ave, Cinnaminson, NJ 08077",http://www.divincenzos.com/,4.6,246.0
Pizza Amore,(856) 764-4100,"77 Hartford Rd, Delran, NJ 08075",http://www.pizzaamoredelran.com/,4.4,351.0
Bellisimos Pizza,(856) 829-0036,"2103 Branch Pike, Cinnaminson, NJ 08077",http://www.bellisimospizza.com/,4.5,129.0
Mike's Pizza & Sub Shop,(856) 461-5552,"2902 US-130, Delran, NJ 08075",https://www.mikespizzadelran.com/,4.2,207.0
Tony Sopranos Pizza & Ristorante,(856) 829-1445,"1426 Route 130 N, Cinnaminson, NJ 08077",http://ilovesopranos.com/,4.2,212.0
Arnieri's Pizzeria,(856) 764-1883,"201 Middleton St, Riverside, NJ 08075",https://www.facebook.com/ArnierisPizza,4.6,198.0
Angelo's Pizza,(856) 461-6515,"401 Bridgeboro St, Riverside, NJ 08075",http://angelosriverside.com/,4.3,398.0
Pats Select Pizza | Grill,(856) 303-2323,"2700 US-130, Cinnaminson, NJ 08077",https://www.patsselect.com/cinnaminson1,4.2,482.0
McDonald's,+44 20 7930 7530,"34/35 Strand, London, WC2N 5HY, United Kingdom",https://www.mcdonalds.com/gb/en-gb.html?cid=RF:YEXT:GMB:8260007:Clicks:DIRSYN:,3.7,6806.0
Wendy's,+44 20 7482 4121,"189 Camden High St, London, NW1 7BP, United Kingdom",https://uklocations.wendys.com/camden/189-camden-high-st?utm_source=Yext&utm_medium=Google_My_Business&utm_campaign=Local_Search&utm_content=EN_UK,4.1,924.0
LEON,+44 7973 259924,"Kings Cross Station, Western Concourse, London N1 9AL, United Kingdom",https://leon.co/restaurants/kings-cross-station/?utm_source=Yext&utm_medium=GBP,4.1,393.0
LEON Victoria Place,+44 20 7821 6455,"Victoria Place Shopping Centre, 115 Buckingham Palace Road Su1, London SW1W 9SJ, United Kingdom",https://leon.co/?utm_source=Yext&utm_medium=GBP,4.1,747.0
LEON Strand,+44 20 7240 3070,"73-76 Strand, London, WC2R 0DE, United Kingdom",https://leon.co/?utm_source=Yext&utm_medium=GBP,4.1,926.0
Five Guys Croydon,+44 20 8688 2701,"7/11 High St, Croydon, CR0 1QB, United Kingdom",https://restaurants.fiveguys.co.uk/greater-london/7/11-high-street?y_source=1_MTI0MzE1MjUtNzE1LWxvY2F0aW9uLndlYnNpdGU%3D,4.2,1838.0
Five Guys Liverpool Street,+44 20 7283 3593,"186-190 Bishopsgate, London, EC2M 4NR, United Kingdom",https://restaurants.fiveguys.co.uk/greater-london/186-190-bishopsgate?y_source=1_MjU2MTQ1NTUtNzE1LWxvY2F0aW9uLndlYnNpdGU%3D,4.3,728.0
LEON Notting HIll,+61 2 9055 9289,"49-51 Notting Hill Gate, London, W11 3JS, United Kingdom",https://www.leon.co/?utm_source=Yext&utm_medium=GBP,3.7,135.0
LEON Earl's Court,+44 20 7864 6784,"200-220, London, SW5 9RD, United Kingdom",https://www.leon.co/earls-court/?utm_source=Yext&utm_medium=GBP,4.3,35.0
Five Guys Westfield Stratford,+44 20 8221 1838,"Unit LR09 314, The Loft, London E20 1ET, United Kingdom",https://restaurants.fiveguys.co.uk/greater-london/unit-lr09?y_source=1_MTI0MzE1MzYtNzE1LWxvY2F0aW9uLndlYnNpdGU%3D,4.2,3067.0
LEON Richmond,+44 20 8940 1492,"37 George St, Richmond, TW9 1HY, United Kingdom",https://leon.co/restaurants/richmond/?utm_source=Yext&utm_medium=GBP,4.1,372.0
Shake Shack Tottenham Court Road,+44 1923 555171,"80 New Oxford St, London, WC1A 1HB, United Kingdom",http://www.shakeshack.co.uk/locations/london/tottenham-court-road/?utm_source=gmb&utm_medium=organic&utm_campaign=tottenham_court_road,3.9,3585.0
LEON Hammersmith,+44 20 8222 8732,"Broadway Shopping Centre West, Unit 27 Hammersmith Broadway, London W6 9YD, United Kingdom",https://leon.co/?utm_source=Yext&utm_medium=GBP,4.0,819.0
Five Guys Bromley,+44 20 8290 1389,"19, 20 Market Square, Bromley BR1 1NA, United Kingdom",https://restaurants.fiveguys.co.uk/south-east/19/20-market-square?y_source=1_MTI5OTM1OTYtNzE1LWxvY2F0aW9uLndlYnNpdGU%3D,4.2,648.0
Shake Shack Leicester Square,+44 1923 555185,"Leicester Square, 1-2 Coventry St, London W1D 6BH, United Kingdom",http://www.shakeshack.co.uk/locations/london/leicester-square/?utm_source=gmb&utm_medium=organic&utm_campaign=leicester_square,4.0,6058.0
LEON Euston Road,+44 20 7150 6863,"93 Euston Rd., London, NW1 2RA, United Kingdom",https://www.leon.co/restaurants/euston-road/?utm_source=Yext&utm_medium=GBP,3.5,44.0
"Golden Grill - Turkish & Fast Food Restaurant, Best Kebab Shop, All Day Breakfast Twickenham",+44 20 8898 8124,"43 High Street Whitton, Whitton, Twickenham TW2 7LB, United Kingdom",https://www.facebook.com/pages/Golden-Grill/145435898831705,4.1,396.0
Prime Burger,+44 20 7278 8056,"Station The Circle, St Pancras International, Pancras Rd, London N1C 4QP, United Kingdom",http://www.prime-burger.co.uk/,3.4,663.0
LEON Shepherd's Bush,+44 20 8740 7539,"Unit C302A, Westfield, Ariel Way, London W12 7SL, United Kingdom",https://leon.co/restaurants/shepherds-bush/?utm_source=Yext&utm_medium=GBP,3.7,219.0
Shake Shack Covent Garden,+44 1923 555129,"24, Market Building, The Piazza, London WC2E 8RD, United Kingdom",http://www.shakeshack.co.uk/locations/london/covent-garden/?utm_source=gmb&utm_medium=organic&utm_campaign=covent%20garden,4.0,4378.0
Five Guys Piccadilly Circus,+44 20 7734 6892,"Unit 1, 2 Coventry St, London W1D 7DH, United Kingdom",https://restaurants.fiveguys.co.uk/greater-london/unit-1/2-coventry-st?y_source=1_MTI0MzE1MTAtNzE1LWxvY2F0aW9uLndlYnNpdGU%3D,4.3,7936.0
Five Guys Charing Cross,+44 20 7930 9860,"9, 11 Villiers St, London WC2N 6NA, United Kingdom",https://restaurants.fiveguys.co.uk/greater-london/9/11-villiers-st?y_source=1_MTI0MzE0NzYtNzE1LWxvY2F0aW9uLndlYnNpdGU%3D,4.4,5854.0
Taco Bell,+44 20 7580 6698,"75 Southampton Row, London, WC1B 4ET, United Kingdom",https://locations.tacobell.co.uk/london/75-southampton-row.html,3.9,1969.0
LEON Borough,+44 20 7403 8741,"Borough Market, Communities Homes in Central London, 2, 4 Southwark St, London SE1 1TQ, United Kingdom",https://leon.co/?utm_source=Yext&utm_medium=GBP,3.9,478.0
KFC London - Tower Hill,+44 20 7481 9805,"1 Tower Hl Ter, London, EC3N 4EE, United Kingdom",https://www.kfc.co.uk/kfc-near-me/london-tower-hill?utm_term=1-Tower-Hill-Terrace&utm_medium=organic&utm_source=uberall,3.3,2045.0
Five Guys South Kensington,+44 20 7589 5216,"43 Thurloe St, South Kensington, London, SW7 2LQ, United Kingdom",https://restaurants.fiveguys.co.uk/greater-london/43-thurloe-st?y_source=1_MTI0MzE1MjYtNzE1LWxvY2F0aW9uLndlYnNpdGU%3D,4.2,3950.0
LEON Cannon Street,+44 20 7623 9699,"86 Cannon St, London, EC4N 6HT, United Kingdom",https://leon.co/?utm_source=Yext&utm_medium=GBP,4.0,543.0
Shake Shack Victoria Nova,+44 1923 555188,"172 Victoria St, London, SW1E 5LB, United Kingdom",https://www.shakeshack.co.uk/locations/victoria/,3.6,2337.0
Wimpy,+44 20 7790 5371,"Shop 28 Watney Mkt, London, E1 2PR, United Kingdom",https://locations.wimpy.uk.com/england/greater-london/london/shop-28--watney-market.html?y_source=1_ODM3MDI2My03MTUtbG9jYXRpb24ud2Vic2l0ZQ%3D%3D,4.3,401.0
Five Guys St. Paul's,+44 20 7248 0690,"4 St. Paul's Churchyard, London, EC4M 8AY, United Kingdom",https://restaurants.fiveguys.co.uk/greater-london/4-st-paul's-churchyard?y_source=1_MTQ5ODAxNjUtNzE1LWxvY2F0aW9uLndlYnNpdGU%3D,4.4,1313.0
Five Guys Baker Street,+44 20 7935 4609,"194 Baker St, London, NW1 5RT, United Kingdom",https://restaurants.fiveguys.co.uk/greater-london/194-baker-street?y_source=1_MTU1MzUxMjEtNzE1LWxvY2F0aW9uLndlYnNpdGU%3D,4.4,835.0
Shake Shack,+44 1923 555167,"Westfield stratford city, 124-125 Westfield Ave, The St, London E20 1EN, United Kingdom",https://www.shakeshack.co.uk/locations/london/westfield-stratford/?utm_source=gmb&utm_medium=organic&utm_campaign=westfield_stratford,3.9,2765.0
LEON Cheapside,+44 20 7600 0183,"141 Cheapside, London, EC2V 6BJ, United Kingdom",https://leon.co/?utm_source=Yext&utm_medium=GBP,4.1,418.0
KFC London - Leicester Square,+44 20 7439 8291,"43 Charing Cross Rd, London, WC2H 0AP, United Kingdom",https://www.kfc.co.uk/kfc-near-me/london-leicester-square?utm_source=uberall&utm_medium=organic&utm_term=london,3.6,1526.0
Peri Fellas,+44 20 7222 9300,"2 Greycoat Pl, London, SW1P 1SB, United Kingdom",https://www.perifellas.co.uk/,4.9,126.0
Cheatmeals Earls Court,+44 20 7370 7586,"159 Earls Ct Rd, London, SW5 9RQ, United Kingdom",https://www.cheatmeals.co.uk/,4.9,61.0
Five Guys King's Cross,+44 20 7278 6171,"287, 297 Pentonville Rd, London N1 9NP, United Kingdom",https://restaurants.fiveguys.co.uk/greater-london/287/297-pentonville-rd?y_source=1_MTI0MzE1MDQtNzE1LWxvY2F0aW9uLndlYnNpdGU%3D,4.2,6739.0
Shake Shack Mansion House,+44 1923 886210,"45 Cannon St, London, EC4M 9AL, United Kingdom",http://www.shakeshack.co.uk/locations/london/mansion-house/?utm_source=gmb&utm_medium=organic&utm_campaign=mansion_house,4.1,2321.0
Five Guys Watford,+44 1923 804175,"58 High St, Watford, WD17 2BS, United Kingdom",https://restaurants.fiveguys.co.uk/south-east/58-high-st?y_source=1_MTI0MzE1NjctNzE1LWxvY2F0aW9uLndlYnNpdGU%3D,4.3,1767.0
Five Guys Bond Street,+44 20 3334 9345,"92 Wigmore St, London, W1U 3RD, United Kingdom",https://restaurants.fiveguys.co.uk/greater-london/92-wigmore-steet?y_source=1_MzQyNTMzMjUtNzE1LWxvY2F0aW9uLndlYnNpdGU%3D,4.5,446.0
KFC Swiss Cottage - Finchley Road,+44 20 7483 3342,"149 Finchley Rd, London, NW3 6JH, United Kingdom",https://www.kfc.co.uk/kfc-near-me/swiss-cottage-finchley-road?utm_term=149-Finchley-Road&utm_medium=organic&utm_source=uberall,3.5,395.0
Five Guys Windsor,+44 1753 862041,"Unit 15, Windsor Royal Station, Shopping Centre, Windsor SL4 1PJ, United Kingdom",https://restaurants.fiveguys.co.uk/south-east/unit-15?y_source=1_MzkxMzU5OTUtNzE1LWxvY2F0aW9uLndlYnNpdGU%3D,3.9,112.0
Chicken Cottage,+44 20 8574 0054,"64 South Rd, Southall, UB1 1RQ, United Kingdom",https://chickencottage.com/chicken-cottage-southall/,3.3,195.0
Rockys,+44 20 3981 6424,"183 Lady Margaret Rd, Southall, UB1 2PT, United Kingdom",https://rockysfastfood.co.uk/,3.8,275.0
LEON Kingsway,+44 20 7242 6556,"77 Kingsway, London, WC2B 6SR, United Kingdom",https://leon.co/?utm_source=Yext&utm_medium=GBP,4.1,396.0
Cheatmeals Goodge Street,+44 20 7436 1995,"33 Goodge St, London, W1T 2PS, United Kingdom",https://cheatmeals.co.uk/,4.6,314.0
Poptata Tooting,+44 7476 335496,"Unit 4, Tooting Market, 20 Totterdown St, London SW17 8TA, United Kingdom",https://poptata.com/,4.5,98.0
Five Guys Kingston,+44 20 8541 1527,"The Rotunda, Unit 2 Clarence St, Kingston upon Thames KT1 1QJ, United Kingdom",https://restaurants.fiveguys.co.uk/greater-london/the-rotunda-unit-2-clarence-st?y_source=1_MTI0MzE0NTQtNzE1LWxvY2F0aW9uLndlYnNpdGU%3D,4.3,1442.0
Orlando Pizza,+44 20 8756 0056,"5, Northfield Parade, Station Rd, Hayes UB3 4JA, United Kingdom",https://www.order.store/store/orlando-pizza/zyFHZ4UwTJe_uRmMTmJr1w,4.1,131.0
Aaqa Fast Food,+44 20 8577 7754,"36 Bell Rd, Hounslow, TW3 3PB, United Kingdom",https://aaqafastfood.co.uk/,3.8,162.0
KFC Rickmansworth - Uxbridge Road,+44 1923 775811,"145 Uxbridge Rd, Rickmansworth, WD3 7DW, United Kingdom",https://www.kfc.co.uk/kfc-near-me/rickmansworth-uxbridge-road?utm_term=145-Uxbridge-Road&utm_medium=organic&utm_source=uberall,3.1,321.0
Chicken Hub,+44 20 7386 0690,"264 North End Rd, London, SW6 1NJ, United Kingdom",https://www.chicken-hub.com/,4.3,62.0
Cheatmeals,+44 20 8207 3144,"32 Shenley Rd, Borehamwood, WD6 1DR, United Kingdom",https://www.cheatmeals.co.uk/,4.3,233.0
LEON Liverpool Street Station,+44 20 7247 7461,"Liverpool Street Station, London, EC2M 7PY, United Kingdom",https://leon.co/?utm_source=Yext&utm_medium=GBP,3.6,395.0
Burger Singh - Westminster,+44 20 7834 7046,"The Royal Oak, 2 Regency St, London SW1P 4BZ, United Kingdom",http://burgersinghonline.co.uk/,3.9,42.0
LEON Ludgate,+44 20 7489 1575,"12 Ludgate Circus, London, EC4M 7LQ, United Kingdom",https://leon.co/?utm_source=Yext&utm_medium=GBP,4.2,780.0
Chicken World,+44 20 8795 1133,"145 Wembley Park Dr, Wembley Park, Wembley HA9 8HQ, United Kingdom",https://chickenworldlondon.com/,3.9,266.0
"Food Delight Cafe (Delivery 4 miles) Burger, Fast Food, Pizza, Kebab, Indian Cusine",+44 7405 390368,"8, Central Parade, High St, London SE20 7TN, United Kingdom",https://alleatapp.com/menu-food-delight-cafe,5.0,1.0
Fast Food Ilford,+44 20 8478 7812,"212 High Rd, Ilford, IG1 1QB, United Kingdom",http://fast-food-ilford.jany.io/,3.9,28.0
Chipotle Mexican Grill,+44 20 7836 8491,"114-116 Charing Cross Rd, London, WC2H 0JR, United Kingdom",https://locations.chipotle.co.uk/london/114-116-charing-cross-road?utm_source=google&utm_medium=yext&utm_campaign=yext_listings,4.1,1997.0
Sam's Chicken Tooting Broadway,+44 20 8767 1484,"74 Tooting High St, London, SW17 0RN, United Kingdom",https://www.samschicken.co.uk/,3.9,432.0
Cheatmeals Moor Street,+44 20 7287 7083,"12 Moor St, London, W1D 5NG, United Kingdom",https://www.cheatmeals.co.uk/,4.5,128.0
LEON Horseferry,+44 20 7821 9112,"27-29 Horseferry Rd, London, SW1P 2AY, United Kingdom",https://leon.co/restaurants/horseferry/?utm_source=Yext&utm_medium=GBP,4.0,298.0
Popeyes Louisiana Chicken,+44 330 175 8760,"Lower Food Court, Westfield stratford city, London E20 1EH, United Kingdom",https://popeyesuk.com/restaurants/westfield-stratford,4.6,6545.0
Bleecker,+44 20 7247 6620,"B, Old Spitalfields Market, Lamb St, London E1 6EA, United Kingdom",https://www.bleecker.co.uk/,4.2,920.0
Subway,+44 20 8444 2646,"44 High Rd, London, N2 9PJ, United Kingdom",https://restaurants.subway.com/united-kingdom/en/london/44-high-road?utm_source=yxt-goog&utm_medium=local&utm_term=acq&utm_content=61746&utm_campaign=evergreen-2020&y_source=1_MTQ5MjM5ODUtNzE1LWxvY2F0aW9uLndlYnNpdGU%3D,3.4,79.0
ROYAL KITCHEN,+44 20 7488 1601,"54 Aldgate High St, London, EC3N 1AL, United Kingdom",https://instagram.com/royalkitchen_aldgate?igshid=MjEwN2IyYWYwYw==,4.1,307.0
Wrapchic,+44 20 7621 0734,"8 Byward St, London, EC3R 5AS, United Kingdom",https://wrapchic.co.uk/,4.1,234.0
Burger Inn,+44 1494 778066,"105 High St, Chesham, HP5 1DE, United Kingdom",https://m.facebook.com/pages/category/Fast-Food-Restaurant/Burger-Inn-159292724090665/?locale2=en_GB,4.0,107.0
Mr. Tashan Indian Street Food,+44 7425 659506,"21b Plashet Grove, London, E6 1AD, United Kingdom",https://www.facebook.com/tashanfastfood/,4.5,193.0
Tortilla Hammersmith,+44 20 8741 7959,"6a King St, London, W6 0QA, United Kingdom",https://www.tortilla.co.uk/locations/hammersmith/?utm_source=google&utm_medium=google&utm_campaign=GMB,4.5,1631.0
Caspian Lounge (North Finchley),+44 20 8346 1919,"427 High Rd, London, N12 0AP, United Kingdom",https://caspiannights.co.uk/,4.2,677.0
Elite Peri Peri (Bermondsey),+44 20 7232 1972,"170 Jamaica Rd, London, SE16 4RT, United Kingdom",https://eliteperiperi.co.uk/elite-peri-peri,4.0,381.0
Super Singh’s,+44 20 8384 3132,"Mon Repos, 168 Faggs Rd, Feltham TW14 0NB, United Kingdom",https://www.ubereats.com/gb/store/super-singhs/Wr6A7UAtT46uFF2zFfmRgQ,4.3,718.0
itsu - Aldgate,+44 20 3657 7038,"1 Minories, Aldgate, London EC3N 1BJ, United Kingdom",https://www.itsu.com/location/aldgate-high-street/,4.2,550.0
